Metric,Score
Accuracy,0.7297707030509759
Precision,0.7206551410373067
Recall,0.7504263786242183
F1 Score,0.7352395098403268
ROC AUC,0.8006391702235477
